{
 "ts": 0,
 "quotes": {
  "AUDCAD": {
   "bid": 0.97525,
   "ask": 0.97528,
   "high": 0.97622,
   "low": 0.96708
  },
  "AUDCHF": {
   "bid": 0.55893,
   "ask": 0.55894,
   "high": 0.55942,
   "low": 0.55452
  },
  "AUDJPY": {
   "bid": 111.933,
   "ask": 111.936,
   "high": 112.028,
   "low": 111.139
  },
  "AUDNZD": {
   "bid": 1.21775,
   "ask": 1.21783,
   "high": 1.21968,
   "low": 1.21406
  },
  "AUDUSD": {
   "bid": 0.70319,
   "ask": 0.70319,
   "high": 0.70401,
   "low": 0.69644
  },
  "CADCHF": {
   "bid": 0.57309,
   "ask": 0.57312,
   "high": 0.57542,
   "low": 0.57257
  },
  "CADJPY": {
   "bid": 114.77,
   "ask": 114.773,
   "high": 114.943,
   "low": 114.65
  },
  "CHFJPY": {
   "bid": 200.263,
   "ask": 200.269,
   "high": 200.325,
   "low": 199.44
  },
  "EURAUD": {
   "bid": 1.6557,
   "ask": 1.65574,
   "high": 1.66376,
   "low": 1.65418
  },
  "EURCAD": {
   "bid": 1.61458,
   "ask": 1.61463,
   "high": 1.61621,
   "low": 1.60921
  },
  "EURCHF": {
   "bid": 0.92532,
   "ask": 0.92537,
   "high": 0.92571,
   "low": 0.92316
  },
  "EURGBP": {
   "bid": 0.87184,
   "ask": 0.87185,
   "high": 0.87293,
   "low": 0.87103
  },
  "EURJPY": {
   "bid": 185.318,
   "ask": 185.324,
   "high": 185.381,
   "low": 184.946
  },
  "EURNZD": {
   "bid": 2.0164,
   "ask": 2.01652,
   "high": 2.02931,
   "low": 2.01609
  },
  "EURUSD": {
   "bid": 1.16418,
   "ask": 1.16419,
   "high": 1.16529,
   "low": 1.15868
  },
  "GBPAUD": {
   "bid": 1.89899,
   "ask": 1.89904,
   "high": 1.90768,
   "low": 1.89709
  },
  "GBPCAD": {
   "bid": 1.85185,
   "ask": 1.85191,
   "high": 1.85362,
   "low": 1.84413
  },
  "GBPCHF": {
   "bid": 1.06131,
   "ask": 1.06136,
   "high": 1.0619,
   "low": 1.05783
  },
  "GBPJPY": {
   "bid": 212.545,
   "ask": 212.552,
   "high": 212.583,
   "low": 211.989
  },
  "GBPNZD": {
   "bid": 2.31245,
   "ask": 2.31257,
   "high": 2.32385,
   "low": 2.31233
  },
  "GBPUSD": {
   "bid": 1.33516,
   "ask": 1.33517,
   "high": 1.33632,
   "low": 1.32842
  },
  "NZDCAD": {
   "bid": 0.80078,
   "ask": 0.80082,
   "high": 0.80087,
   "low": 0.79178
  },
  "NZDCHF": {
   "bid": 0.45893,
   "ask": 0.45896,
   "high": 0.45896,
   "low": 0.45402
  },
  "NZDJPY": {
   "bid": 91.909,
   "ask": 91.914,
   "high": 91.916,
   "low": 90.928
  },
  "NZDUSD": {
   "bid": 0.57737,
   "ask": 0.57739,
   "high": 0.57754,
   "low": 0.56946
  },
  "USDCAD": {
   "bid": 1.38704,
   "ask": 1.38706,
   "high": 1.39003,
   "low": 1.3865
  },
  "USDCHF": {
   "bid": 0.79488,
   "ask": 0.79488,
   "high": 0.79905,
   "low": 0.79429
  },
  "USDJPY": {
   "bid": 159.185,
   "ask": 159.186,
   "high": 159.778,
   "low": 159.055
  }
 }
}